{
    "providers": [
		{
            "type": "bitmap",
            "file": "minecraft:custom/gpsf.png",
            "ascent": 9,
            "height": 9,
            "chars": ["\uE178"]
        },
        {
            "type": "bitmap",
            "file": "minecraft:custom/gpsf.png",
            "ascent": 9,
            "height": 16,
            "chars": ["\uE170"]
        },
        {
            "type": "bitmap",
            "file": "minecraft:custom/gpsfr.png",
            "ascent": 9,
            "height": 16,
            "chars": ["\uE177"]
        },
        {
            "type": "bitmap",
            "file": "minecraft:custom/gpsr.png",
            "ascent": 9,
            "height": 16,
            "chars": ["\uE176"]
        },
        {
            "type": "bitmap",
            "file": "minecraft:custom/gpsbr.png",
            "ascent": 9,
            "height": 16,
            "chars": ["\uE175"]
        },
		{
            "type": "bitmap",
            "file": "minecraft:custom/gpsb.png",
            "ascent": 9,
            "height": 16,
            "chars": ["\uE174"]
        },
		{
            "type": "bitmap",
            "file": "minecraft:custom/gpsbl.png",
            "ascent": 9,
            "height": 16,
            "chars": ["\uE173"]
        },
		{
            "type": "bitmap",
            "file": "minecraft:custom/gpsl.png",
            "ascent": 9,
            "height": 16,
            "chars": ["\uE172"]
        },
		{
            "type": "bitmap",
            "file": "minecraft:custom/gpsfl.png",
            "ascent": 9,
            "height": 16,
            "chars": ["\uE171"]
        },
		{
            "type": "ttf",
            "file": "minecraft:negative_spaces.ttf",
            "shift": [0.0, 0.0],
            "size": 10.0,
            "oversample": 1.0
        }
    ]
}